Month,"Leaded Regular Gasoline, U.S. City Average Retail Price","Unleaded Regular Gasoline, U.S. City Average Retail Price","Unleaded Premium Gasoline, U.S. City Average Retail Price","All Grades of Gasoline, U.S. City Average Retail Price","Regular Motor Gasoline, Conventional Gasoline Areas, Retail Price","Regular Motor Gasoline, Reformulated Gasoline Areas, Retail Price","Regular Motor Gasoline, All Areas, Retail Price",On-Highway Diesel Fuel Price
,(Dollars per Gallon Including Taxes),(Dollars per Gallon Including Taxes),(Dollars per Gallon Including Taxes),(Dollars per Gallon Including Taxes),(Dollars per Gallon Including Taxes),(Dollars per Gallon Including Taxes),(Dollars per Gallon Including Taxes),(Dollars per Gallon Including Taxes)
1973 January,Not Available,Not Available,Not Available,Not Available,Not Applicable,Not Applicable,Not Applicable,Not Applicable
1973 February,Not Available,Not Available,Not Available,Not Available,Not Applicable,Not Applicable,Not Applicable,Not Applicable
1973 March,Not Available,Not Available,Not Available,Not Available,Not Applicable,Not Applicable,Not Applicable,Not Applicable
1973 April,Not Available,Not Available,Not Available,Not Available,Not Applicable,Not Applicable,Not Applicable,Not Applicable
1973 May,Not Available,Not Available,Not Available,Not Available,Not Applicable,Not Applicable,Not Applicable,Not Applicable
1973 June,Not Available,Not Available,Not Available,Not Available,Not Applicable,Not Applicable,Not Applicable,Not Applicable
1973 July,Not Available,Not Available,Not Available,Not Available,Not Applicable,Not Applicable,Not Applicable,Not Applicable
1973 August,Not Available,Not Available,Not Available,Not Available,Not Applicable,Not Applicable,Not Applicable,Not Applicable
1973 September,Not Available,Not Available,Not Available,Not Available,Not Applicable,Not Applicable,Not Applicable,Not Applicable
1973 October,0.402,Not Available,Not Available,Not Available,Not Applicable,Not Applicable,Not Applicable,Not Applicable
1973 November,0.418,Not Available,Not Available,Not Available,Not Applicable,Not Applicable,Not Applicable,Not Applicable
1973 December,0.437,Not Available,Not Available,Not Available,Not Applicable,Not Applicable,Not Applicable,Not Applicable
1974 January,0.465,Not Available,Not Available,Not Available,Not Applicable,Not Applicable,Not Applicable,Not Applicable
1974 February,0.491,Not Available,Not Available,Not Available,Not Applicable,Not Applicable,Not Applicable,Not Applicable
1974 March,0.528,Not Available,Not Available,Not Available,Not Applicable,Not Applicable,Not Applicable,Not Applicable
1974 April,0.537,Not Available,Not Available,Not Available,Not Applicable,Not Applicable,Not Applicable,Not Applicable
1974 May,0.55,Not Available,Not Available,Not Available,Not Applicable,Not Applicable,Not Applicable,Not Applicable
1974 June,0.556,Not Available,Not Available,Not Available,Not Applicable,Not Applicable,Not Applicable,Not Applicable
1974 July,0.558,Not Available,Not Available,Not Available,Not Applicable,Not Applicable,Not Applicable,Not Applicable
1974 August,0.554,Not Available,Not Available,Not Available,Not Applicable,Not Applicable,Not Applicable,Not Applicable
1974 September,0.55,Not Available,Not Available,Not Available,Not Applicable,Not Applicable,Not Applicable,Not Applicable
1974 October,0.534,Not Available,Not Available,Not Available,Not Applicable,Not Applicable,Not Applicable,Not Applicable
1974 November,0.528,Not Available,Not Available,Not Available,Not Applicable,Not Applicable,Not Applicable,Not Applicable
1974 December,0.528,Not Available,Not Available,Not Available,Not Applicable,Not Applicable,Not Applicable,Not Applicable
1975 January,0.532,Not Available,Not Available,Not Available,Not Applicable,Not Applicable,Not Applicable,Not Applicable
1975 February,0.533,Not Available,Not Available,Not Available,Not Applicable,Not Applicable,Not Applicable,Not Applicable
1975 March,0.534,Not Available,Not Available,Not Available,Not Applicable,Not Applicable,Not Applicable,Not Applicable
1975 April,0.54,Not Available,Not Available,Not Available,Not Applicable,Not Applicable,Not Applicable,Not Applicable
1975 May,0.55,Not Available,Not Available,Not Available,Not Applicable,Not Applicable,Not Applicable,Not Applicable
1975 June,0.567,Not Available,Not Available,Not Available,Not Applicable,Not Applicable,Not Applicable,Not Applicable
1975 July,0.591,Not Available,Not Available,Not Available,Not Applicable,Not Applicable,Not Applicable,Not Applicable
1975 August,0.595,Not Available,Not Available,Not Available,Not Applicable,Not Applicable,Not Applicable,Not Applicable
1975 September,0.597,Not Available,Not Available,Not Available,Not Applicable,Not Applicable,Not Applicable,Not Applicable
1975 October,0.594,Not Available,Not Available,Not Available,Not Applicable,Not Applicable,Not Applicable,Not Applicable
1975 November,0.589,Not Available,Not Available,Not Available,Not Applicable,Not Applicable,Not Applicable,Not Applicable
1975 December,0.586,Not Available,Not Available,Not Available,Not Applicable,Not Applicable,Not Applicable,Not Applicable
1976 January,0.584,0.605,Not Available,Not Available,Not Applicable,Not Applicable,Not Applicable,Not Applicable
1976 February,0.578,0.6,Not Available,Not Available,Not Applicable,Not Applicable,Not Applicable,Not Applicable
1976 March,0.569,0.594,Not Available,Not Available,Not Applicable,Not Applicable,Not Applicable,Not Applicable
1976 April,0.567,0.592,Not Available,Not Available,Not Applicable,Not Applicable,Not Applicable,Not Applicable
1976 May,0.576,0.6,Not Available,Not Available,Not Applicable,Not Applicable,Not Applicable,Not Applicable
1976 June,0.592,0.616,Not Available,Not Available,Not Applicable,Not Applicable,Not Applicable,Not Applicable
1976 July,0.599,0.623,Not Available,Not Available,Not Applicable,Not Applicable,Not Applicable,Not Applicable
1976 August,0.603,0.628,Not Available,Not Available,Not Applicable,Not Applicable,Not Applicable,Not Applicable
1976 September,0.604,0.63,Not Available,Not Available,Not Applicable,Not Applicable,Not Applicable,Not Applicable
1976 October,0.603,0.629,Not Available,Not Available,Not Applicable,Not Applicable,Not Applicable,Not Applicable
1976 November,0.602,0.629,Not Available,Not Available,Not Applicable,Not Applicable,Not Applicable,Not Applicable
1976 December,0.6,0.626,Not Available,Not Available,Not Applicable,Not Applicable,Not Applicable,Not Applicable
1977 January,0.6,0.627,Not Available,Not Available,Not Applicable,Not Applicable,Not Applicable,Not Applicable
1977 February,0.607,0.637,Not Available,Not Available,Not Applicable,Not Applicable,Not Applicable,Not Applicable
1977 March,0.612,0.643,Not Available,Not Available,Not Applicable,Not Applicable,Not Applicable,Not Applicable
1977 April,0.619,0.651,Not Available,Not Available,Not Applicable,Not Applicable,Not Applicable,Not Applicable
1977 May,0.626,0.659,Not Available,Not Available,Not Applicable,Not Applicable,Not Applicable,Not Applicable
1977 June,0.63,0.665,Not Available,Not Available,Not Applicable,Not Applicable,Not Applicable,Not Applicable
1977 July,0.631,0.667,Not Available,Not Available,Not Applicable,Not Applicable,Not Applicable,Not Applicable
1977 August,0.63,0.667,Not Available,Not Available,Not Applicable,Not Applicable,Not Applicable,Not Applicable
1977 September,0.629,0.666,Not Available,Not Available,Not Applicable,Not Applicable,Not Applicable,Not Applicable
1977 October,0.627,0.665,Not Available,Not Available,Not Applicable,Not Applicable,Not Applicable,Not Applicable
1977 November,0.626,0.664,Not Available,Not Available,Not Applicable,Not Applicable,Not Applicable,Not Applicable
1977 December,0.627,0.665,Not Available,Not Available,Not Applicable,Not Applicable,Not Applicable,Not Applicable
1978 January,0.607,0.648,Not Available,0.631,Not Applicable,Not Applicable,Not Applicable,Not Applicable
1978 February,0.605,0.647,Not Available,0.629,Not Applicable,Not Applicable,Not Applicable,Not Applicable
1978 March,0.604,0.647,Not Available,0.629,Not Applicable,Not Applicable,Not Applicable,Not Applicable
1978 April,0.606,0.649,Not Available,0.631,Not Applicable,Not Applicable,Not Applicable,Not Applicable
1978 May,0.611,0.655,Not Available,0.637,Not Applicable,Not Applicable,Not Applicable,Not Applicable
1978 June,0.62,0.663,Not Available,0.645,Not Applicable,Not Applicable,Not Applicable,Not Applicable
1978 July,0.629,0.674,Not Available,0.655,Not Applicable,Not Applicable,Not Applicable,Not Applicable
1978 August,0.638,0.682,Not Available,0.663,Not Applicable,Not Applicable,Not Applicable,Not Applicable
1978 September,0.644,0.688,Not Available,0.669,Not Applicable,Not Applicable,Not Applicable,Not Applicable
1978 October,0.645,0.69,Not Available,0.671,Not Applicable,Not Applicable,Not Applicable,Not Applicable
1978 November,0.65,0.695,Not Available,0.676,Not Applicable,Not Applicable,Not Applicable,Not Applicable
1978 December,0.659,0.705,Not Available,0.685,Not Applicable,Not Applicable,Not Applicable,Not Applicable
1979 January,0.668,0.716,Not Available,0.695,Not Applicable,Not Applicable,Not Applicable,Not Applicable
1979 February,0.681,0.73,Not Available,0.707,Not Applicable,Not Applicable,Not Applicable,Not Applicable
1979 March,0.706,0.755,Not Available,0.733,Not Applicable,Not Applicable,Not Applicable,Not Applicable
1979 April,0.753,0.802,Not Available,0.78,Not Applicable,Not Applicable,Not Applicable,Not Applicable
1979 May,0.797,0.844,Not Available,0.823,Not Applicable,Not Applicable,Not Applicable,Not Applicable
1979 June,0.856,0.901,Not Available,0.88,Not Applicable,Not Applicable,Not Applicable,Not Applicable
1979 July,0.908,0.949,Not Available,0.93,Not Applicable,Not Applicable,Not Applicable,Not Applicable
1979 August,0.943,0.988,Not Available,0.967,Not Applicable,Not Applicable,Not Applicable,Not Applicable
1979 September,0.973,1.02,Not Available,0.998,Not Applicable,Not Applicable,Not Applicable,Not Applicable
1979 October,0.982,1.028,Not Available,1.006,Not Applicable,Not Applicable,Not Applicable,Not Applicable
1979 November,0.994,1.041,Not Available,1.019,Not Applicable,Not Applicable,Not Applicable,Not Applicable
1979 December,1.018,1.065,Not Available,1.042,Not Applicable,Not Applicable,Not Applicable,Not Applicable
1980 January,1.086,1.131,Not Available,1.11,Not Applicable,Not Applicable,Not Applicable,Not Applicable
1980 February,1.159,1.207,Not Available,1.186,Not Applicable,Not Applicable,Not Applicable,Not Applicable
1980 March,1.202,1.252,Not Available,1.23,Not Applicable,Not Applicable,Not Applicable,Not Applicable
1980 April,1.212,1.264,Not Available,1.242,Not Applicable,Not Applicable,Not Applicable,Not Applicable
1980 May,1.215,1.266,Not Available,1.244,Not Applicable,Not Applicable,Not Applicable,Not Applicable
1980 June,1.217,1.269,Not Available,1.246,Not Applicable,Not Applicable,Not Applicable,Not Applicable
1980 July,1.216,1.271,Not Available,1.247,Not Applicable,Not Applicable,Not Applicable,Not Applicable
1980 August,1.21,1.267,Not Available,1.243,Not Applicable,Not Applicable,Not Applicable,Not Applicable
1980 September,1.197,1.257,Not Available,1.231,Not Applicable,Not Applicable,Not Applicable,Not Applicable
1980 October,1.188,1.25,Not Available,1.223,Not Applicable,Not Applicable,Not Applicable,Not Applicable
1980 November,1.188,1.25,Not Available,1.222,Not Applicable,Not Applicable,Not Applicable,Not Applicable
1980 December,1.197,1.258,Not Available,1.231,Not Applicable,Not Applicable,Not Applicable,Not Applicable
1981 January,1.238,1.298,Not Available,1.269,Not Applicable,Not Applicable,Not Applicable,Not Applicable
1981 February,1.321,1.382,Not Available,1.353,Not Applicable,Not Applicable,Not Applicable,Not Applicable
1981 March,1.352,1.417,Not Available,1.388,Not Applicable,Not Applicable,Not Applicable,Not Applicable
1981 April,1.344,1.412,Not Available,1.381,Not Applicable,Not Applicable,Not Applicable,Not Applicable
1981 May,1.333,1.4,Not Available,1.37,Not Applicable,Not Applicable,Not Applicable,Not Applicable
1981 June,1.324,1.391,Not Available,1.362,Not Applicable,Not Applicable,Not Applicable,Not Applicable
1981 July,1.315,1.382,Not Available,1.353,Not Applicable,Not Applicable,Not Applicable,Not Applicable
1981 August,1.31,1.376,Not Available,1.348,Not Applicable,Not Applicable,Not Applicable,Not Applicable
1981 September,1.305,1.376,1.471,1.358,Not Applicable,Not Applicable,Not Applicable,Not Applicable
1981 October,1.299,1.371,1.47,1.353,Not Applicable,Not Applicable,Not Applicable,Not Applicable
1981 November,1.297,1.369,1.47,1.351,Not Applicable,Not Applicable,Not Applicable,Not Applicable
1981 December,1.293,1.365,1.468,1.348,Not Applicable,Not Applicable,Not Applicable,Not Applicable
1982 January,1.285,1.358,1.466,1.341,Not Applicable,Not Applicable,Not Applicable,Not Applicable
1982 February,1.26,1.334,1.448,1.318,Not Applicable,Not Applicable,Not Applicable,Not Applicable
1982 March,1.206,1.284,1.408,1.268,Not Applicable,Not Applicable,Not Applicable,Not Applicable
1982 April,1.148,1.225,1.351,1.21,Not Applicable,Not Applicable,Not Applicable,Not Applicable
1982 May,1.166,1.237,1.355,1.224,Not Applicable,Not Applicable,Not Applicable,Not Applicable
1982 June,1.242,1.309,1.418,1.296,Not Applicable,Not Applicable,Not Applicable,Not Applicable
1982 July,1.263,1.331,1.443,1.318,Not Applicable,Not Applicable,Not Applicable,Not Applicable
1982 August,1.254,1.323,1.439,1.31,Not Applicable,Not Applicable,Not Applicable,Not Applicable
1982 September,1.236,1.307,1.429,1.292,Not Applicable,Not Applicable,Not Applicable,Not Applicable
1982 October,1.219,1.295,1.421,1.28,Not Applicable,Not Applicable,Not Applicable,Not Applicable
1982 November,1.207,1.283,1.412,1.268,Not Applicable,Not Applicable,Not Applicable,Not Applicable
1982 December,1.181,1.26,1.394,1.244,Not Applicable,Not Applicable,Not Applicable,Not Applicable
1983 January,1.15,1.23,1.376,1.214,Not Applicable,Not Applicable,Not Applicable,Not Applicable
1983 February,1.099,1.187,1.338,1.17,Not Applicable,Not Applicable,Not Applicable,Not Applicable
1983 March,1.064,1.152,1.308,1.135,Not Applicable,Not Applicable,Not Applicable,Not Applicable
1983 April,1.131,1.215,1.36,1.198,Not Applicable,Not Applicable,Not Applicable,Not Applicable
1983 May,1.177,1.259,1.397,1.243,Not Applicable,Not Applicable,Not Applicable,Not Applicable
1983 June,1.197,1.277,1.411,1.261,Not Applicable,Not Applicable,Not Applicable,Not Applicable
1983 July,1.207,1.288,1.421,1.272,Not Applicable,Not Applicable,Not Applicable,Not Applicable
1983 August,1.203,1.285,1.419,1.269,Not Applicable,Not Applicable,Not Applicable,Not Applicable
1983 September,1.189,1.274,1.41,1.257,Not Applicable,Not Applicable,Not Applicable,Not Applicable
1983 October,1.172,1.255,1.395,1.239,Not Applicable,Not Applicable,Not Applicable,Not Applicable
1983 November,1.156,1.241,1.384,1.224,Not Applicable,Not Applicable,Not Applicable,Not Applicable
1983 December,1.146,1.231,1.376,1.215,Not Applicable,Not Applicable,Not Applicable,Not Applicable
1984 January,1.131,1.216,1.369,1.2,Not Applicable,Not Applicable,Not Applicable,Not Applicable
1984 February,1.125,1.209,1.361,1.193,Not Applicable,Not Applicable,Not Applicable,Not Applicable
1984 March,1.125,1.21,1.362,1.194,Not Applicable,Not Applicable,Not Applicable,Not Applicable
1984 April,1.145,1.227,1.375,1.211,Not Applicable,Not Applicable,Not Applicable,Not Applicable
1984 May,1.154,1.236,1.38,1.221,Not Applicable,Not Applicable,Not Applicable,Not Applicable
1984 June,1.147,1.229,1.377,1.214,Not Applicable,Not Applicable,Not Applicable,Not Applicable
1984 July,1.129,1.212,1.37,1.197,Not Applicable,Not Applicable,Not Applicable,Not Applicable
1984 August,1.116,1.196,1.355,1.184,Not Applicable,Not Applicable,Not Applicable,Not Applicable
1984 September,1.12,1.203,1.36,1.189,Not Applicable,Not Applicable,Not Applicable,Not Applicable
1984 October,1.127,1.209,1.365,1.195,Not Applicable,Not Applicable,Not Applicable,Not Applicable
1984 November,1.124,1.207,1.364,1.193,Not Applicable,Not Applicable,Not Applicable,Not Applicable
1984 December,1.109,1.193,1.354,1.179,Not Applicable,Not Applicable,Not Applicable,Not Applicable
1985 January,1.06,1.148,1.304,1.145,Not Applicable,Not Applicable,Not Applicable,Not Applicable
1985 February,1.041,1.131,1.29,1.128,Not Applicable,Not Applicable,Not Applicable,Not Applicable
1985 March,1.071,1.159,1.31,1.155,Not Applicable,Not Applicable,Not Applicable,Not Applicable
1985 April,1.119,1.205,1.34,1.199,Not Applicable,Not Applicable,Not Applicable,Not Applicable
1985 May,1.144,1.231,1.36,1.223,Not Applicable,Not Applicable,Not Applicable,Not Applicable
1985 June,1.153,1.241,1.371,1.233,Not Applicable,Not Applicable,Not Applicable,Not Applicable
1985 July,1.154,1.242,1.367,1.233,Not Applicable,Not Applicable,Not Applicable,Not Applicable
1985 August,1.143,1.229,1.359,1.222,Not Applicable,Not Applicable,Not Applicable,Not Applicable
1985 September,1.129,1.216,1.349,1.209,Not Applicable,Not Applicable,Not Applicable,Not Applicable
1985 October,1.117,1.204,1.342,1.198,Not Applicable,Not Applicable,Not Applicable,Not Applicable
1985 November,1.123,1.207,1.339,1.201,Not Applicable,Not Applicable,Not Applicable,Not Applicable
1985 December,1.123,1.208,1.344,1.203,Not Applicable,Not Applicable,Not Applicable,Not Applicable
1986 January,1.107,1.194,1.336,1.19,Not Applicable,Not Applicable,Not Applicable,Not Applicable
1986 February,1.034,1.12,1.282,1.119,Not Applicable,Not Applicable,Not Applicable,Not Applicable
1986 March,0.894,0.981,1.16,0.983,Not Applicable,Not Applicable,Not Applicable,Not Applicable
1986 April,0.815,0.888,1.061,0.895,Not Applicable,Not Applicable,Not Applicable,Not Applicable
1986 May,0.852,0.923,1.075,0.927,Not Applicable,Not Applicable,Not Applicable,Not Applicable
1986 June,0.885,0.955,1.1,0.958,Not Applicable,Not Applicable,Not Applicable,Not Applicable
1986 July,0.822,0.89,1.045,0.895,Not Applicable,Not Applicable,Not Applicable,Not Applicable
1986 August,0.778,0.843,0.999,0.848,Not Applicable,Not Applicable,Not Applicable,Not Applicable
1986 September,0.797,0.86,1.01,0.864,Not Applicable,Not Applicable,Not Applicable,Not Applicable
1986 October,0.771,0.831,0.987,0.837,Not Applicable,Not Applicable,Not Applicable,Not Applicable
1986 November,0.762,0.821,0.98,0.827,Not Applicable,Not Applicable,Not Applicable,Not Applicable
1986 December,0.764,0.823,0.984,0.83,Not Applicable,Not Applicable,Not Applicable,Not Applicable
1987 January,0.806,0.862,1.007,0.868,Not Applicable,Not Applicable,Not Applicable,Not Applicable
1987 February,0.848,0.905,1.047,0.911,Not Applicable,Not Applicable,Not Applicable,Not Applicable
1987 March,0.856,0.912,1.052,0.918,Not Applicable,Not Applicable,Not Applicable,Not Applicable
1987 April,0.879,0.934,1.073,0.94,Not Applicable,Not Applicable,Not Applicable,Not Applicable
1987 May,0.888,0.941,1.079,0.948,Not Applicable,Not Applicable,Not Applicable,Not Applicable
1987 June,0.906,0.958,1.098,0.966,Not Applicable,Not Applicable,Not Applicable,Not Applicable
1987 July,0.921,0.971,1.115,0.98,Not Applicable,Not Applicable,Not Applicable,Not Applicable
1987 August,0.946,0.995,1.139,1.004,Not Applicable,Not Applicable,Not Applicable,Not Applicable
1987 September,0.94,0.99,1.136,1,Not Applicable,Not Applicable,Not Applicable,Not Applicable
1987 October,0.931,0.976,1.128,0.988,Not Applicable,Not Applicable,Not Applicable,Not Applicable
1987 November,0.928,0.976,1.125,0.987,Not Applicable,Not Applicable,Not Applicable,Not Applicable
1987 December,0.912,0.961,1.119,0.975,Not Applicable,Not Applicable,Not Applicable,Not Applicable
1988 January,0.881,0.933,1.095,0.947,Not Applicable,Not Applicable,Not Applicable,Not Applicable
1988 February,0.859,0.913,1.082,0.928,Not Applicable,Not Applicable,Not Applicable,Not Applicable
1988 March,0.85,0.904,1.074,0.92,Not Applicable,Not Applicable,Not Applicable,Not Applicable
1988 April,0.883,0.93,1.088,0.946,Not Applicable,Not Applicable,Not Applicable,Not Applicable
1988 May,0.911,0.955,1.105,0.97,Not Applicable,Not Applicable,Not Applicable,Not Applicable
1988 June,0.91,0.955,1.111,0.971,Not Applicable,Not Applicable,Not Applicable,Not Applicable
1988 July,0.923,0.967,1.123,0.984,Not Applicable,Not Applicable,Not Applicable,Not Applicable
1988 August,0.945,0.987,1.138,1.004,Not Applicable,Not Applicable,Not Applicable,Not Applicable
1988 September,0.933,0.974,1.13,0.992,Not Applicable,Not Applicable,Not Applicable,Not Applicable
1988 October,0.91,0.957,1.119,0.976,Not Applicable,Not Applicable,Not Applicable,Not Applicable
1988 November,0.904,0.949,1.116,0.972,Not Applicable,Not Applicable,Not Applicable,Not Applicable
1988 December,0.885,0.93,1.101,0.953,Not Applicable,Not Applicable,Not Applicable,Not Applicable
1989 January,0.876,0.918,1.091,0.944,Not Applicable,Not Applicable,Not Applicable,Not Applicable
1989 February,0.886,0.926,1.1,0.955,Not Applicable,Not Applicable,Not Applicable,Not Applicable
1989 March,0.907,0.94,1.115,0.974,Not Applicable,Not Applicable,Not Applicable,Not Applicable
1989 April,1.047,1.065,1.221,1.098,Not Applicable,Not Applicable,Not Applicable,Not Applicable
1989 May,1.098,1.119,1.278,1.152,Not Applicable,Not Applicable,Not Applicable,Not Applicable
1989 June,1.093,1.114,1.278,1.15,Not Applicable,Not Applicable,Not Applicable,Not Applicable
1989 July,1.075,1.092,1.264,1.132,Not Applicable,Not Applicable,Not Applicable,Not Applicable
1989 August,1.034,1.057,1.233,1.096,Not Applicable,Not Applicable,Not Applicable,Not Applicable
1989 September,1.007,1.029,1.213,1.073,Not Applicable,Not Applicable,Not Applicable,Not Applicable
1989 October,1.001,1.027,1.209,1.071,Not Applicable,Not Applicable,Not Applicable,Not Applicable
1989 November,0.975,0.999,1.187,1.046,Not Applicable,Not Applicable,Not Applicable,Not Applicable
1989 December,0.961,0.98,1.17,1.03,Not Applicable,Not Applicable,Not Applicable,Not Applicable
1990 January,1.006,1.042,1.23,1.09,Not Available,Not Available,Not Available,Not Available
1990 February,1.011,1.037,1.227,1.086,Not Available,Not Available,Not Available,Not Available
1990 March,0.999,1.023,1.218,1.076,Not Available,Not Available,Not Available,Not Available
1990 April,1.027,1.044,1.233,1.096,Not Available,Not Available,Not Available,Not Available
1990 May,1.044,1.061,1.248,1.114,Not Available,Not Available,Not Available,Not Available
1990 June,1.077,1.088,1.271,1.14,Not Available,Not Available,Not Available,Not Available
1990 July,1.089,1.084,1.272,1.139,Not Available,Not Available,Not Available,Not Available
1990 August,1.198,1.19,1.369,1.246,Not Available,Not Available,Not Available,Not Available
1990 September,1.297,1.294,1.467,1.347,Not Available,Not Available,Not Available,Not Available
1990 October,1.354,1.378,1.554,1.431,Not Available,Not Available,Not Available,Not Available
1990 November,1.351,1.377,1.559,1.432,Not Available,Not Available,Not Available,Not Available
1990 December,1.335,1.354,1.537,1.41,Not Available,Not Available,Not Available,Not Available
1991 January,1.246,1.247,1.431,1.304,Not Available,Not Available,Not Available,Not Available
1991 February,1.137,1.143,1.321,1.198,Not Available,Not Available,Not Available,Not Available
1991 March,1.047,1.082,1.264,1.138,Not Available,Not Available,Not Available,Not Available
1991 April,1.062,1.104,1.281,1.159,Not Available,Not Available,Not Available,Not Available
1991 May,Not Available,1.156,1.331,1.209,Not Available,Not Available,Not Available,Not Available
1991 June,Not Available,1.16,1.338,1.214,Not Available,Not Available,Not Available,Not Available
1991 July,Not Available,1.127,1.313,1.185,Not Available,Not Available,Not Available,Not Available
1991 August,Not Available,1.14,1.318,1.196,Not Available,Not Available,Not Available,Not Available
1991 September,Not Available,1.143,1.324,1.199,Not Available,Not Available,Not Available,Not Available
1991 October,Not Available,1.122,1.307,1.18,Not Available,Not Available,Not Available,Not Available
1991 November,Not Available,1.134,1.318,1.193,Not Available,Not Available,Not Available,Not Available
1991 December,Not Available,1.123,1.309,1.182,Not Available,Not Available,Not Available,Not Available
1992 January,Not Available,1.073,1.267,1.135,1.022,Not Available,1.022,Not Available
1992 February,Not Available,1.054,1.248,1.117,1.006,Not Available,1.006,Not Available
1992 March,Not Available,1.058,1.25,1.122,1.013,Not Available,1.013,Not Available
1992 April,Not Available,1.079,1.268,1.143,1.052,Not Available,1.052,Not Available
1992 May,Not Available,1.136,1.317,1.197,1.107,Not Available,1.107,Not Available
1992 June,Not Available,1.179,1.359,1.239,1.145,Not Available,1.145,Not Available
1992 July,Not Available,1.175,1.363,1.238,1.137,Not Available,1.137,Not Available
1992 August,Not Available,1.158,1.348,1.221,1.122,Not Available,1.122,Not Available
1992 September,Not Available,1.158,1.346,1.222,1.122,Not Available,1.122,Not Available
1992 October,Not Available,1.154,1.345,1.219,1.114,Not Available,1.114,Not Available
1992 November,Not Available,1.159,1.351,1.223,1.111,Not Available,1.111,Not Available
1992 December,Not Available,1.136,1.33,1.201,1.078,Not Available,1.078,Not Available
1993 January,Not Available,1.117,1.313,1.182,1.062,Not Available,1.062,Not Available
1993 February,Not Available,1.108,1.301,1.172,1.054,Not Available,1.054,Not Available
1993 March,Not Available,1.098,1.294,1.163,1.052,Not Available,1.052,Not Available
1993 April,Not Available,1.112,1.304,1.175,1.078,Not Available,1.078,Not Available
1993 May,Not Available,1.129,1.319,1.193,1.1,Not Available,1.1,Not Available
1993 June,Not Available,1.13,1.321,1.194,1.097,Not Available,1.097,Not Available
1993 July,Not Available,1.109,1.305,1.174,1.078,Not Available,1.078,Not Available
1993 August,Not Available,1.097,1.294,1.163,1.062,Not Available,1.062,Not Available
1993 September,Not Available,1.085,1.282,1.151,1.05,Not Available,1.05,Not Available
1993 October,Not Available,1.127,1.323,1.193,1.092,Not Available,1.092,Not Available
1993 November,Not Available,1.113,1.305,1.178,1.066,Not Available,1.066,Not Available
1993 December,Not Available,1.07,1.268,1.136,1.014,Not Available,1.014,Not Available
1994 January,Not Available,1.043,1.24,1.109,0.998,Not Available,0.998,Not Available
1994 February,Not Available,1.051,1.245,1.114,1.009,Not Available,1.009,Not Available
1994 March,Not Available,1.045,1.243,1.109,1.008,Not Available,1.008,Not Available
1994 April,Not Available,1.064,1.26,1.128,1.027,Not Available,1.027,Not Available
1994 May,Not Available,1.08,1.274,1.143,1.047,Not Available,1.047,Not Available
1994 June,Not Available,1.106,1.3,1.167,1.078,Not Available,1.078,Not Available
1994 July,Not Available,1.136,1.327,1.199,1.106,Not Available,1.106,Not Available
1994 August,Not Available,1.182,1.367,1.243,1.155,Not Available,1.155,Not Available
1994 September,Not Available,1.177,1.364,1.237,1.144,Not Available,1.144,Not Available
1994 October,Not Available,1.152,1.345,1.212,1.114,Not Available,1.114,Not Available
1994 November,Not Available,1.163,1.354,1.222,1.11,Not Available,1.116,Not Available
1994 December,Not Available,1.143,1.337,1.203,1.06,Not Available,1.091,Not Available
1995 January,Not Applicable,1.129,1.324,1.19,1.066,1.166,1.082,1.098
1995 February,Not Applicable,1.12,1.316,1.181,1.058,1.156,1.073,1.088
1995 March,Not Applicable,1.115,1.306,1.173,1.059,1.142,1.072,1.088
1995 April,Not Applicable,1.14,1.325,1.197,1.104,1.156,1.111,1.104
1995 May,Not Applicable,1.2,1.383,1.256,1.172,1.216,1.178,1.126
1995 June,Not Applicable,1.226,1.411,1.281,1.186,1.234,1.192,1.12
1995 July,Not Applicable,1.195,1.384,1.252,1.148,1.205,1.154,1.1
1995 August,Not Applicable,1.164,1.352,1.222,1.12,1.164,1.123,1.105
1995 September,Not Applicable,1.148,1.332,1.206,1.108,1.147,1.111,1.119
1995 October,Not Applicable,1.127,1.315,1.185,1.082,1.132,1.087,1.115
1995 November,Not Applicable,1.101,1.292,1.161,1.058,1.104,1.062,1.12
1995 December,Not Applicable,1.101,1.29,1.16,1.066,1.11,1.071,1.13
1996 January,Not Applicable,1.129,1.317,1.186,1.084,1.129,1.09,1.145
1996 February,Not Applicable,1.124,1.311,1.181,1.082,1.129,1.089,1.145
1996 March,Not Applicable,1.162,1.348,1.219,1.129,1.171,1.137,1.183
1996 April,Not Applicable,1.251,1.431,1.305,1.22,1.277,1.231,1.275
1996 May,Not Applicable,1.323,1.507,1.378,1.263,1.353,1.279,1.273
1996 June,Not Applicable,1.299,1.481,1.354,1.243,1.346,1.256,1.201
1996 July,Not Applicable,1.272,1.453,1.328,1.215,1.302,1.227,1.176
1996 August,Not Applicable,1.24,1.421,1.298,1.199,1.259,1.207,1.201
1996 September,Not Applicable,1.234,1.417,1.293,1.2,1.236,1.202,1.265
1996 October,Not Applicable,1.227,1.408,1.287,1.204,1.225,1.204,1.323
1996 November,Not Applicable,1.25,1.428,1.308,1.235,1.229,1.232,1.323
1996 December,Not Applicable,1.26,1.438,1.318,1.233,1.246,1.235,1.309
1997 January,Not Applicable,1.261,1.441,1.318,1.231,1.263,1.236,1.291
1997 February,Not Applicable,1.255,1.434,1.312,1.224,1.266,1.23,1.28
1997 March,Not Applicable,1.235,1.415,1.293,1.197,1.252,1.205,1.229
1997 April,Not Applicable,1.231,1.413,1.288,1.188,1.256,1.199,1.212
1997 May,Not Applicable,1.226,1.409,1.284,1.191,1.248,1.2,1.196
1997 June,Not Applicable,1.229,1.411,1.286,1.189,1.238,1.198,1.173
1997 July,Not Applicable,1.205,1.388,1.263,1.167,1.208,1.174,1.151
1997 August,Not Applicable,1.253,1.433,1.31,1.213,1.268,1.224,1.165
1997 September,Not Applicable,1.277,1.458,1.334,1.216,1.307,1.231,1.16
1997 October,Not Applicable,1.242,1.426,1.3,1.182,1.274,1.197,1.183
1997 November,Not Applicable,1.213,1.397,1.271,1.158,1.243,1.171,1.192
1997 December,Not Applicable,1.177,1.363,1.236,1.119,1.207,1.131,1.166
1998 January,Not Applicable,1.131,1.319,1.186,1.075,1.161,1.086,1.12
1998 February,Not Applicable,1.082,1.271,1.137,1.042,1.105,1.049,1.084
1998 March,Not Applicable,1.041,1.229,1.097,1.014,1.046,1.017,1.063
1998 April,Not Applicable,1.052,1.237,1.106,1.024,1.067,1.03,1.067
1998 May,Not Applicable,1.092,1.275,1.146,1.049,1.114,1.064,1.069
1998 June,Not Applicable,1.094,1.279,1.148,1.048,1.11,1.064,1.041
1998 July,Not Applicable,1.079,1.268,1.134,1.039,1.098,1.055,1.029
1998 August,Not Applicable,1.052,1.244,1.108,1.011,1.071,1.026,1.007
1998 September,Not Applicable,1.033,1.23,1.091,0.994,1.054,1.009,1.024
1998 October,Not Applicable,1.042,1.236,1.099,1.006,1.057,1.019,1.039
1998 November,Not Applicable,1.028,1.225,1.086,0.979,1.045,0.995,1.022
1998 December,Not Applicable,0.986,1.187,1.046,0.923,1.016,0.945,0.973
1999 January,Not Applicable,0.972,1.171,1.031,0.917,1.008,0.939,0.967
1999 February,Not Applicable,0.955,1.155,1.014,0.9,0.984,0.921,0.959
1999 March,Not Applicable,0.991,1.186,1.048,0.961,1.043,0.982,0.997
1999 April,Not Applicable,1.177,1.367,1.232,1.099,1.228,1.131,1.079
1999 May,Not Applicable,1.178,1.37,1.233,1.103,1.212,1.131,1.073
1999 June,Not Applicable,1.148,1.339,1.204,1.095,1.17,1.114,1.074
1999 July,Not Applicable,1.189,1.378,1.244,1.138,1.214,1.158,1.122
1999 August,Not Applicable,1.255,1.441,1.309,1.199,1.285,1.221,1.172
1999 September,Not Applicable,1.28,1.468,1.334,1.239,1.301,1.256,1.215
1999 October,Not Applicable,1.274,1.464,1.329,1.23,1.29,1.244,1.228
1999 November,Not Applicable,1.264,1.454,1.319,1.24,1.287,1.251,1.263
1999 December,Not Applicable,1.298,1.486,1.353,1.261,1.308,1.273,1.292
2000 January,Not Applicable,1.301,1.486,1.356,1.279,1.317,1.289,1.356
2000 February,Not Applicable,1.369,1.551,1.422,1.371,1.391,1.377,1.461
2000 March,Not Applicable,1.541,1.723,1.594,1.498,1.57,1.516,1.479
2000 April,Not Applicable,1.506,1.698,1.561,1.437,1.551,1.465,1.422
2000 May,Not Applicable,1.498,1.682,1.552,1.456,1.562,1.487,1.42
2000 June,Not Applicable,1.617,1.786,1.666,1.612,1.667,1.633,1.421
2000 July,Not Applicable,1.593,1.773,1.642,1.529,1.616,1.551,1.434
2000 August,Not Applicable,1.51,1.689,1.559,1.439,1.543,1.465,1.466
2000 September,Not Applicable,1.582,1.764,1.635,1.525,1.619,1.55,1.637
2000 October,Not Applicable,1.559,1.744,1.613,1.508,1.6,1.532,1.637
2000 November,Not Applicable,1.555,1.738,1.608,1.495,1.583,1.517,1.621
2000 December,Not Applicable,1.489,1.679,1.544,1.418,1.516,1.443,1.565
2001 January,Not Applicable,1.472,1.657,1.525,1.427,1.5,1.447,1.524
2001 February,Not Applicable,1.484,1.671,1.538,1.431,1.5,1.45,1.492
2001 March,Not Applicable,1.447,1.638,1.503,1.384,1.483,1.409,1.399
2001 April,Not Applicable,1.564,1.748,1.617,1.517,1.629,1.552,1.422
2001 May,Not Applicable,1.729,1.934,1.812,1.654,1.806,1.702,1.496
2001 June,Not Applicable,1.64,1.881,1.731,1.548,1.758,1.616,1.482
2001 July,Not Applicable,1.482,1.695,1.565,1.34,1.582,1.421,1.375
2001 August,Not Applicable,1.427,1.636,1.509,1.386,1.491,1.421,1.39
2001 September,Not Applicable,1.531,1.726,1.609,1.506,1.552,1.522,1.495
2001 October,Not Applicable,1.362,1.56,1.442,1.274,1.4,1.315,1.348
2001 November,Not Applicable,1.263,1.427,1.324,1.139,1.235,1.171,1.259
2001 December,Not Applicable,1.131,1.312,1.2,1.072,1.114,1.086,1.167
2002 January,Not Applicable,1.139,1.323,1.209,1.094,1.134,1.107,1.153
2002 February,Not Applicable,1.13,1.33,1.21,1.09,1.162,1.114,1.152
2002 March,Not Applicable,1.241,1.45,1.324,1.221,1.307,1.249,1.23
2002 April,Not Applicable,1.407,1.622,1.493,1.362,1.469,1.397,1.309
2002 May,Not Applicable,1.421,1.625,1.508,1.353,1.47,1.392,1.305
2002 June,Not Applicable,1.404,1.606,1.489,1.341,1.466,1.382,1.286
2002 July,Not Applicable,1.412,1.607,1.496,1.364,1.463,1.397,1.299
2002 August,Not Applicable,1.423,1.62,1.508,1.358,1.471,1.396,1.328
2002 September,Not Applicable,1.422,1.619,1.507,1.363,1.472,1.4,1.411
2002 October,Not Applicable,1.449,1.643,1.535,1.427,1.483,1.445,1.462
2002 November,Not Applicable,1.448,1.643,1.534,1.385,1.487,1.419,1.42
2002 December,Not Applicable,1.394,1.589,1.477,1.348,1.461,1.386,1.429
2003 January,Not Applicable,1.473,1.666,1.557,1.424,1.525,1.458,1.488
2003 February,Not Applicable,1.641,1.828,1.686,1.582,1.676,1.613,1.654
2003 March,Not Applicable,1.748,1.924,1.791,1.636,1.809,1.693,1.708
2003 April,Not Applicable,1.659,1.846,1.704,1.517,1.736,1.589,1.533
2003 May,Not Applicable,1.542,1.729,1.587,1.438,1.618,1.497,1.451
2003 June,Not Applicable,1.514,1.7,1.558,1.452,1.579,1.493,1.424
2003 July,Not Applicable,1.524,1.71,1.567,1.48,1.581,1.513,1.435
2003 August,Not Applicable,1.628,1.808,1.671,1.588,1.688,1.62,1.487
2003 September,Not Applicable,1.728,1.911,1.771,1.616,1.81,1.679,1.467
2003 October,Not Applicable,1.603,1.789,1.646,1.513,1.67,1.564,1.481
2003 November,Not Applicable,1.535,1.724,1.578,1.474,1.593,1.512,1.482
2003 December,Not Applicable,1.494,1.686,1.538,1.448,1.543,1.479,1.49
2004 January,Not Applicable,1.592,1.779,1.635,1.555,1.608,1.572,1.551
2004 February,Not Applicable,1.672,1.858,1.715,1.615,1.718,1.648,1.582
2004 March,Not Applicable,1.766,1.949,1.809,1.689,1.835,1.736,1.629
2004 April,Not Applicable,1.833,2.012,1.875,1.756,1.886,1.798,1.692
2004 May,Not Applicable,2.009,2.186,2.05,1.945,2.064,1.983,1.746
2004 June,Not Applicable,2.041,2.225,2.083,1.91,2.093,1.969,1.711
2004 July,Not Applicable,1.939,2.13,1.982,1.863,2.012,1.911,1.739
2004 August,Not Applicable,1.898,2.091,1.941,1.842,1.955,1.878,1.833
2004 September,Not Applicable,1.891,2.082,1.934,1.841,1.931,1.87,1.917
2004 October,Not Applicable,2.029,2.215,2.072,1.954,2.095,2,2.134
2004 November,Not Applicable,2.01,2.203,2.053,1.932,2.079,1.979,2.147
2004 December,Not Applicable,1.882,2.08,1.926,1.8,1.928,1.841,2.009
2005 January,Not Applicable,1.823,2.017,1.866,1.811,1.873,1.831,1.959
2005 February,Not Applicable,1.918,2.105,1.96,1.886,1.959,1.91,2.027
2005 March,Not Applicable,2.065,2.251,2.107,2.063,2.115,2.079,2.214
2005 April,Not Applicable,2.283,2.468,2.325,2.211,2.31,2.243,2.292
2005 May,Not Applicable,2.216,2.403,2.257,2.114,2.259,2.161,2.199
2005 June,Not Applicable,2.176,2.365,2.218,2.123,2.225,2.156,2.29
2005 July,Not Applicable,2.316,2.502,2.357,2.247,2.38,2.29,2.373
2005 August,Not Applicable,2.506,2.701,2.548,2.449,2.564,2.486,2.5
2005 September,Not Applicable,2.927,3.13,2.969,2.862,2.991,2.903,2.819
2005 October,Not Applicable,2.785,3.001,2.83,2.689,2.775,2.717,3.095
2005 November,Not Applicable,2.343,2.56,2.387,2.222,2.331,2.257,2.573
2005 December,Not Applicable,2.186,2.393,2.23,2.174,2.209,2.185,2.443
2006 January,Not Applicable,2.315,2.521,2.359,2.3,2.348,2.316,2.467
2006 February,Not Applicable,2.31,2.519,2.354,2.249,2.345,2.28,2.475
2006 March,Not Applicable,2.401,2.603,2.444,2.413,2.451,2.425,2.559
2006 April,Not Applicable,2.757,2.967,2.801,2.719,2.791,2.742,2.728
2006 May,Not Applicable,2.947,3.169,2.993,2.831,3.066,2.907,2.897
2006 June,Not Applicable,2.917,3.139,2.963,2.808,3.044,2.885,2.898
2006 July,Not Applicable,2.999,3.219,3.046,2.923,3.101,2.981,2.934
2006 August,Not Applicable,2.985,3.207,3.033,2.91,3.04,2.952,3.045
2006 September,Not Applicable,2.589,2.819,2.637,2.501,2.669,2.555,2.783
2006 October,Not Applicable,2.272,2.493,2.319,2.214,2.309,2.245,2.519
2006 November,Not Applicable,2.241,2.459,2.287,2.211,2.267,2.229,2.545
2006 December,Not Applicable,2.334,2.55,2.38,2.284,2.372,2.313,2.61
2007 January,Not Applicable,2.274,2.501,2.321,2.191,2.343,2.24,2.485
2007 February,Not Applicable,2.285,2.509,2.333,2.235,2.369,2.278,2.488
2007 March,Not Applicable,2.592,2.818,2.639,2.503,2.689,2.563,2.667
2007 April,Not Applicable,2.86,3.093,2.909,2.787,2.965,2.845,2.834
2007 May,Not Applicable,3.13,3.348,3.176,3.119,3.202,3.146,2.796
2007 June,Not Applicable,3.052,3.281,3.1,3.024,3.122,3.056,2.808
2007 July,Not Applicable,2.961,3.2,3.013,2.947,3.001,2.965,2.868
2007 August,Not Applicable,2.782,3.018,2.833,2.777,2.806,2.786,2.869
2007 September,Not Applicable,2.789,3.021,2.839,2.817,2.776,2.803,2.953
2007 October,Not Applicable,2.793,3.037,2.843,2.791,2.828,2.803,3.075
2007 November,Not Applicable,3.069,3.307,3.118,3.064,3.112,3.08,3.396
2007 December,Not Applicable,3.02,3.264,3.069,2.984,3.092,3.018,3.341
2008 January,Not Applicable,3.047,3.291,3.096,3.018,3.094,3.043,3.308
2008 February,Not Applicable,3.033,3.272,3.083,3.016,3.051,3.028,3.377
2008 March,Not Applicable,3.258,3.502,3.307,3.215,3.304,3.244,3.881
2008 April,Not Applicable,3.441,3.69,3.491,3.421,3.537,3.458,4.084
2008 May,Not Applicable,3.764,4.003,3.813,3.735,3.83,3.766,4.425
2008 June,Not Applicable,4.065,4.319,4.115,3.989,4.19,4.054,4.677
2008 July,Not Applicable,4.09,4.35,4.142,4.002,4.187,4.062,4.703
2008 August,Not Applicable,3.786,4.045,3.838,3.74,3.86,3.779,4.302
2008 September,Not Applicable,3.698,3.94,3.749,3.709,3.687,3.703,4.024
2008 October,Not Applicable,3.173,3.432,3.225,3.01,3.14,3.051,3.576
2008 November,Not Applicable,2.151,2.433,2.208,2.099,2.248,2.147,2.876
2008 December,Not Applicable,1.689,1.951,1.742,1.669,1.726,1.687,2.449
2009 January,Not Applicable,1.787,2.036,1.838,1.772,1.822,1.788,2.292
2009 February,Not Applicable,1.928,2.182,1.979,1.892,1.988,1.923,2.195
2009 March,Not Applicable,1.949,2.197,2,1.937,2.003,1.959,2.092
2009 April,Not Applicable,2.056,2.309,2.107,2.021,2.109,2.049,2.22
2009 May,Not Applicable,2.265,2.511,2.314,2.24,2.319,2.266,2.227
2009 June,Not Applicable,2.631,2.883,2.681,2.597,2.702,2.631,2.529
2009 July,Not Applicable,2.543,2.806,2.594,2.478,2.628,2.527,2.54
2009 August,Not Applicable,2.627,2.887,2.677,2.562,2.73,2.616,2.634
2009 September,Not Applicable,2.574,2.845,2.626,2.48,2.71,2.554,2.626
2009 October,Not Applicable,2.561,2.826,2.613,2.5,2.66,2.551,2.672
2009 November,Not Applicable,2.66,2.917,2.709,2.614,2.73,2.651,2.792
2009 December,Not Applicable,2.621,2.882,2.671,2.568,2.69,2.607,2.745
2010 January,Not Applicable,2.731,2.987,2.779,2.678,2.792,2.715,2.845
2010 February,Not Applicable,2.659,2.922,2.709,2.603,2.729,2.644,2.785
2010 March,Not Applicable,2.78,3.035,2.829,2.742,2.834,2.772,2.915
2010 April,Not Applicable,2.858,3.113,2.906,2.818,2.913,2.848,3.059
2010 May,Not Applicable,2.869,3.124,2.915,2.795,2.922,2.836,3.069
2010 June,Not Applicable,2.736,3,2.783,2.684,2.832,2.732,2.948
2010 July,Not Applicable,2.736,2.997,2.783,2.679,2.832,2.729,2.911
2010 August,Not Applicable,2.745,3.015,2.795,2.683,2.828,2.73,2.959
2010 September,Not Applicable,2.704,2.968,2.754,2.678,2.761,2.705,2.946
2010 October,Not Applicable,2.795,3.055,2.843,2.766,2.872,2.801,3.052
2010 November,Not Applicable,2.852,3.109,2.899,2.815,2.952,2.859,3.14
2010 December,Not Applicable,2.985,3.234,3.031,2.951,3.082,2.993,3.243
2011 January,Not Applicable,3.091,3.345,3.139,3.058,3.173,3.095,3.388
2011 February,Not Applicable,3.167,3.424,3.215,3.168,3.301,3.211,3.584
2011 March,Not Applicable,3.546,3.807,3.594,3.509,3.671,3.561,3.905
2011 April,Not Applicable,3.816,4.074,3.863,3.746,3.914,3.8,4.064
2011 May,Not Applicable,3.933,4.192,3.982,3.849,4.025,3.906,4.047
2011 June,Not Applicable,3.702,3.972,3.753,3.628,3.789,3.68,3.933
2011 July,Not Applicable,3.654,3.915,3.703,3.614,3.726,3.65,3.905
2011 August,Not Applicable,3.63,3.893,3.68,3.612,3.698,3.639,3.86
2011 September,Not Applicable,3.612,3.887,3.664,3.573,3.693,3.611,3.837
2011 October,Not Applicable,3.468,3.745,3.521,3.4,3.549,3.448,3.798
2011 November,Not Applicable,3.423,3.7,3.475,3.33,3.497,3.384,3.962
2011 December,Not Applicable,3.278,3.553,3.329,3.22,3.361,3.266,3.861
2012 January,Not Applicable,3.399,3.663,3.447,3.33,3.486,3.38,3.833
2012 February,Not Applicable,3.572,3.84,3.622,3.517,3.711,3.579,3.953
2012 March,Not Applicable,3.868,4.138,3.918,3.774,4.017,3.852,4.127
2012 April,Not Applicable,3.927,4.194,3.976,3.837,4.032,3.9,4.115
2012 May,Not Applicable,3.792,4.062,3.839,3.643,3.919,3.732,3.979
2012 June,Not Applicable,3.552,3.825,3.602,3.465,3.695,3.539,3.759
2012 July,Not Applicable,3.451,3.726,3.502,3.379,3.565,3.439,3.721
2012 August,Not Applicable,3.707,3.991,3.759,3.668,3.834,3.722,3.983
2012 September,Not Applicable,3.856,4.14,3.908,3.801,3.949,3.849,4.12
2012 October,Not Applicable,3.786,4.079,3.839,3.653,3.939,3.746,4.094
2012 November,Not Applicable,3.488,3.782,3.542,3.38,3.603,3.452,4
2012 December,Not Applicable,3.331,3.626,3.386,3.256,3.424,3.31,3.961
2013 January,Not Applicable,3.351,3.646,3.407,3.255,3.452,3.319,3.909
2013 February,Not Applicable,3.693,3.99,3.748,3.605,3.807,3.67,4.111
2013 March,Not Applicable,3.735,4.038,3.792,3.648,3.845,3.711,4.068
2013 April,Not Applicable,3.59,3.901,3.647,3.501,3.714,3.57,3.93
2013 May,Not Applicable,3.623,3.936,3.682,3.565,3.72,3.615,3.87
2013 June,Not Applicable,3.633,3.957,3.693,3.576,3.731,3.626,3.849
2013 July,Not Applicable,3.628,3.951,3.687,3.515,3.751,3.591,3.866
2013 August,Not Applicable,3.6,3.919,3.658,3.515,3.697,3.574,3.905
2013 September,Not Applicable,3.556,3.881,3.616,3.474,3.656,3.532,3.961
2013 October,Not Applicable,3.375,3.702,3.434,3.285,3.468,3.344,3.885
2013 November,Not Applicable,3.251,3.585,3.31,3.186,3.362,3.243,3.839
2013 December,Not Applicable,3.277,3.604,3.333,3.209,3.418,3.276,3.882
2014 January,Not Applicable,3.32,3.651,3.378,3.252,3.438,3.313,3.893
2014 February,Not Applicable,3.364,3.694,3.422,3.305,3.464,3.356,3.984
2014 March,Not Applicable,3.532,3.858,3.59,3.474,3.658,3.533,4.001
2014 April,Not Applicable,3.659,3.986,3.717,3.59,3.809,3.661,3.964
2014 May,Not Applicable,3.691,4.02,3.745,3.601,3.824,3.673,3.943
2014 June,Not Applicable,3.695,4.027,3.75,3.626,3.831,3.692,3.906
2014 July,Not Applicable,3.633,3.976,3.69,3.539,3.763,3.611,3.884
2014 August,Not Applicable,3.481,3.835,3.54,3.425,3.616,3.487,3.838
2014 September,Not Applicable,3.403,3.758,3.463,3.354,3.516,3.406,3.792
2014 October,Not Applicable,3.182,3.547,3.241,3.12,3.277,3.171,3.681
2014 November,Not Applicable,2.887,3.262,2.945,2.875,2.99,2.912,3.647
2014 December,Not Applicable,2.56,2.94,2.618,2.488,2.657,2.543,3.411
2015 January,Not Applicable,2.11,2.497,2.17,2.046,2.262,2.116,2.997
2015 February,Not Applicable,2.249,2.621,2.308,2.152,2.351,2.216,2.858
2015 March,Not Applicable,2.483,2.867,2.544,2.352,2.697,2.464,2.897
2015 April,Not Applicable,2.485,2.868,2.545,2.369,2.679,2.469,2.782
2015 May,Not Applicable,2.775,3.166,2.832,2.578,3.014,2.718,2.888
2015 June,Not Applicable,2.832,3.218,2.889,2.7,3.014,2.802,2.873
2015 July,Not Applicable,2.832,3.252,2.893,2.666,3.061,2.794,2.788
2015 August,Not Applicable,2.679,3.12,2.745,2.522,2.876,2.636,2.595
2015 September,Not Applicable,2.394,2.86,2.463,2.275,2.555,2.365,2.505
2015 October,Not Applicable,2.289,2.749,2.357,2.23,2.414,2.29,2.519
2015 November,Not Applicable,2.185,2.64,2.249,2.088,2.304,2.158,2.467
2015 December,Not Applicable,2.06,2.532,2.125,1.946,2.23,2.038,2.31
2016 January,Not Applicable,1.967,2.455,2.034,1.843,2.17,1.949,2.143
2016 February,Not Applicable,1.767,2.248,1.833,1.681,1.936,1.764,1.998
2016 March,Not Applicable,1.958,2.411,2.021,1.895,2.124,1.969,2.09
2016 April,Not Applicable,2.134,2.585,2.196,2.027,2.293,2.113,2.152
2016 May,Not Applicable,2.264,2.71,2.324,2.199,2.413,2.268,2.315
2016 June,Not Applicable,2.363,2.807,2.422,2.303,2.497,2.366,2.423
2016 July,Not Applicable,2.225,2.702,2.287,2.157,2.411,2.239,2.405
2016 August,Not Applicable,2.155,2.629,2.218,2.119,2.3,2.178,2.351
2016 September,Not Applicable,2.208,2.682,2.269,2.161,2.339,2.219,2.394
2016 October,Not Applicable,2.243,2.719,2.304,2.186,2.382,2.249,2.454
2016 November,Not Applicable,2.187,2.675,2.246,2.105,2.343,2.182,2.439
2016 December,Not Applicable,2.23,2.698,2.289,2.192,2.385,2.254,2.51
2017 January,Not Applicable,2.351,2.815,2.409,2.285,2.482,2.349,2.58
2017 February,Not Applicable,2.299,2.793,2.36,2.227,2.467,2.304,2.568
2017 March,Not Applicable,2.323,2.827,2.386,2.243,2.498,2.325,2.554
2017 April,Not Applicable,2.418,2.909,2.479,2.34,2.579,2.417,2.583
2017 May,Not Applicable,2.386,2.894,2.448,2.303,2.577,2.391,2.56
2017 June,Not Applicable,2.337,2.859,2.4,2.257,2.536,2.347,2.511
2017 July,Not Applicable,2.281,2.8,2.344,2.211,2.486,2.3,2.496
2017 August,Not Applicable,2.374,2.883,2.436,2.297,2.557,2.38,2.595
2017 September,Not Applicable,2.63,3.12,2.688,2.57,2.802,2.645,2.785
2017 October,Not Applicable,2.484,2.996,2.545,2.43,2.663,2.505,2.794
2017 November,Not Applicable,2.548,3.056,2.608,2.474,2.751,2.564,2.909
2017 December,Not Applicable,2.459,2.985,2.521,2.388,2.663,2.477,2.909
2018 January,Not Applicable,2.539,3.042,2.596,2.467,2.738,2.555,3.018
2018 February,Not Applicable,2.575,3.091,2.632,2.488,2.795,2.587,3.046
2018 March,Not Applicable,2.572,3.101,2.631,2.488,2.808,2.591,2.988
2018 April,Not Applicable,2.737,3.258,2.795,2.652,2.978,2.757,3.096
2018 May,Not Applicable,2.907,3.423,2.963,2.808,3.096,2.901,3.244
2018 June,Not Applicable,2.914,3.44,2.97,2.802,3.078,2.891,3.253
2018 July,Not Applicable,2.873,3.399,2.93,2.77,3.015,2.849,3.233
2018 August,Not Applicable,2.862,3.384,2.919,2.768,2.983,2.836,3.218
2018 September,Not Applicable,2.873,3.4,2.93,2.769,2.979,2.836,3.262
2018 October,Not Applicable,2.887,3.431,2.945,2.785,3.017,2.86,3.365
2018 November,Not Applicable,2.671,3.251,2.733,2.561,2.829,2.647,3.3
2018 December,Not Applicable,2.414,3.015,2.479,2.263,2.581,2.366,3.123
2019 January,Not Applicable,2.289,2.874,2.352,2.145,2.464,2.248,2.98
2019 February,Not Applicable,2.353,2.901,2.412,2.223,2.495,2.309,2.997
2019 March,Not Applicable,2.564,3.079,2.62,2.443,2.673,2.516,3.076
2019 April,Not Applicable,2.835,3.382,2.894,2.694,3.023,2.798,3.121
2019 May,Not Applicable,2.901,3.471,2.963,2.731,3.136,2.859,3.161
2019 June,Not Applicable,2.752,3.328,2.814,2.601,2.963,2.716,3.089
2019 July,Not Applicable,2.776,3.327,2.836,2.64,2.954,2.74,3.045
2019 August,Not Applicable,2.655,3.222,2.716,2.521,2.836,2.621,3.005
2019 September,Not Applicable,2.63,3.214,2.694,2.489,2.814,2.592,3.016
2019 October,Not Applicable,2.673,3.297,2.741,2.497,2.907,2.627,3.053
2019 November,Not Applicable,2.62,3.254,2.687,2.48,2.853,2.598,3.069
2019 December,Not Applicable,2.587,3.19,2.652,2.469,2.744,2.555,3.055
2020 January,Not Applicable,2.567,3.157,2.631,2.459,2.74,2.548,3.048
2020 February,Not Applicable,2.465,3.071,2.53,2.348,2.645,2.442,2.91
2020 March,Not Applicable,2.267,2.893,2.334,2.126,2.468,2.234,2.729
2020 April,Not Applicable,1.876,2.527,1.946,1.721,2.096,1.841,2.493
2020 May,Not Applicable,1.879,2.49,1.946,1.769,2.084,1.87,2.392
2020 June,Not Applicable,2.076,2.673,2.141,1.998,2.263,2.082,2.408
2020 July,Not Applicable,2.176,2.783,2.243,2.099,2.365,2.183,2.434
2020 August,Not Applicable,2.177,2.795,2.245,2.093,2.374,2.182,2.429
2020 September,Not Applicable,2.193,2.81,2.26,2.095,2.375,2.183,2.414
2020 October,Not Applicable,2.159,2.782,2.228,2.073,2.344,2.158,2.389
2020 November,Not Applicable,2.09,2.727,2.159,2.015,2.312,2.108,2.432
2020 December,Not Applicable,2.168,2.778,2.235,2.105,2.387,2.195,2.585
2021 January,Not Applicable,2.326,2.921,2.391,2.244,2.527,2.334,2.681
2021 February,Not Applicable,2.496,3.073,2.559,2.412,2.694,2.501,2.847
2021 March,Not Applicable,2.791,3.386,2.856,2.725,2.997,2.81,3.152
2021 April,Not Applicable,2.839,3.455,2.907,2.771,3.048,2.858,3.13
2021 May,Not Applicable,2.972,3.596,3.041,2.885,3.202,2.985,3.217
2021 June,Not Applicable,3.154,3.802,3.245,2.964,3.281,3.064,3.287
2021 July,Not Applicable,3.233,3.897,3.326,3.044,3.339,3.136,3.339
2021 August,Not Applicable,3.255,3.938,3.351,3.062,3.368,3.158,3.35
2021 September,Not Applicable,3.265,3.945,3.361,3.081,3.382,3.175,3.384
2021 October,Not Applicable,3.385,4.04,3.477,3.193,3.506,3.291,3.612
2021 November,Not Applicable,3.482,4.148,3.576,3.275,3.659,3.395,3.727
2021 December,Not Applicable,3.408,4.1,3.505,3.168,3.608,3.307,3.641
2022 January,Not Applicable,3.413,4.102,3.5,3.187,3.595,3.315,3.724
2022 February,Not Applicable,3.592,4.244,3.675,3.4,3.773,3.517,4.032
